"origin","dest","dist","time"
"38.745229179862+-77.5729121587464","37.0681293494128+-81.9322825918212",576093,20563
"37.6232088799119+-76.9613669660374","37.0681293494128+-81.9322825918212",591006,21214
"39.0906302388919+-77.4863308438084","37.0681293494128+-81.9322825918212",587085,21185
"38.8753960260266+-77.1106115900903","37.0681293494128+-81.9322825918212",613046,21637
"36.8736021702439+-76.4258042833147","37.0681293494128+-81.9322825918212",677478,23516
"36.7489363051232+-76.5093428723295","37.0681293494128+-81.9322825918212",700614,25057
"36.811949644943+-76.3730394813745","37.0681293494128+-81.9322825918212",689378,24147
"37.3218097977326+-77.3232012604727","37.0681293494128+-81.9322825918212",568598,20310
"38.7342473884699+-77.1078616654825","37.0681293494128+-81.9322825918212",624505,22535
"38.8803461628372+-77.2094134793461","37.0681293494128+-81.9322825918212",607111,21480
"37.3243103258469+-76.7525871167211","37.0681293494128+-81.9322825918212",613225,21458
"37.4139074217458+-79.2179065295109","37.0681293494128+-81.9322825918212",328488,13596
"38.9442491553927+-77.4102597931057","37.0681293494128+-81.9322825918212",597373,21066
"37.6169066806279+-77.6434033249984","37.0681293494128+-81.9322825918212",520554,18643
"36.8665734637416+-76.1396388851385","37.0681293494128+-81.9322825918212",710701,24932
"36.7688534045336+-76.0709507220069","37.0681293494128+-81.9322825918212",719601,25534
"36.8106730867959+-76.1320571363355","37.0681293494128+-81.9322825918212",713264,25012
"37.4504185449157+-77.4407191084759","37.0681293494128+-81.9322825918212",552405,19688
"37.131425137495+-82.1117056504282","37.0681293494128+-81.9322825918212",38288,2389
"38.044932312246+-79.020207989186","37.0681293494128+-81.9322825918212",374569,13873
"36.8310557438633+-76.2317951281351","37.0681293494128+-81.9322825918212",701620,24679
"36.766200399492+-76.2852249532829","37.0681293494128+-81.9322825918212",706200,24523
"38.8577696094547+-77.1182451123303","37.0681293494128+-81.9322825918212",616642,21977
"37.7433705655517+-75.7842459881439","37.0681293494128+-81.9322825918212",824700,29821
"37.4479217348492+-77.6133784186675","37.0681293494128+-81.9322825918212",492088,19421
"36.8513656121384+-82.7837366708519","37.0681293494128+-81.9322825918212",117921,5673
"37.0282595130936+-76.4112921036079","37.0681293494128+-81.9322825918212",658085,22874
"37.0132798387282+-76.3554806091345","37.0681293494128+-81.9322825918212",661239,23080
"37.1330503025477+-76.505677791213","37.0681293494128+-81.9322825918212",643717,22365
"36.9273398458469+-76.1880095718599","37.0681293494128+-81.9322825918212",714133,25151
"36.8468299811073+-76.2801956876626","37.0681293494128+-81.9322825918212",696710,24248
"38.8849016987744+-77.1845856205634","37.0681293494128+-81.9322825918212",607833,21475
"38.748231500587+-78.1871524211764","37.0681293494128+-81.9322825918212",504647,19372
"37.0342953016143+-76.3796542015611","37.0681293494128+-81.9322825918212",656578,22883
"37.2154271195174+-77.4048279518474","37.0681293494128+-81.9322825918212",513673,20069
"38.8087673751385+-77.076516865079","37.0681293494128+-81.9322825918212",626106,22148
"36.7043514888116+-77.2722326328322","37.0681293494128+-81.9322825918212",590896,21292
"37.4197644749488+-77.4455323498243","37.0681293494128+-81.9322825918212",554338,19750
"38.4666521912963+-77.4275881555422","37.0681293494128+-81.9322825918212",550904,21114
"37.2969288653073+-79.9890709247956","37.0681293494128+-81.9322825918212",248834,9876
"37.1914979425806+-81.9828294146385","37.0681293494128+-81.9322825918212",23031,1970
"36.9226812218854+-76.2298511287378","37.0681293494128+-81.9322825918212",715100,25056
"38.9797170696282+-78.5324025987374","37.0681293494128+-81.9322825918212",490386,18158
"37.0926423987936+-81.4096570926692","37.0681293494128+-81.9322825918212",59426,3264
"36.8914767281837+-76.1209564201985","37.0681293494128+-81.9322825918212",715505,25260
"37.6823089073984+-78.5530789207793","37.0681293494128+-81.9322825918212",415771,16518
"38.7918481272321+-77.129224428818","37.0681293494128+-81.9322825918212",621929,22081
"38.9044164331144+-77.2108368980091","37.0681293494128+-81.9322825918212",605610,21214
"38.8362732333269+-77.4136953507828","37.0681293494128+-81.9322825918212",585182,20744
"36.8762095101064+-76.294971338676","37.0681293494128+-81.9322825918212",693063,24237
"38.4587899463671+-77.3924603120678","37.0681293494128+-81.9322825918212",550557,21006
"38.8906879559735+-77.1206173431066","37.0681293494128+-81.9322825918212",613157,21542
"36.7985351523662+-76.3695628016315","37.0681293494128+-81.9322825918212",693201,24018
"37.5193195643033+-77.5868680948095","37.0681293494128+-81.9322825918212",535705,19157
"38.8079669383114+-77.2957541517425","37.0681293494128+-81.9322825918212",599636,21340
"38.9723353762502+-77.3727014812809","37.0681293494128+-81.9322825918212",604808,21566
"37.2365444302008+-80.4302749372718","37.0681293494128+-81.9322825918212",174333,7558
"38.7353082764731+-77.6783183894495","37.0681293494128+-81.9322825918212",571838,20417
"38.8613901785457+-77.0598033847773","37.0681293494128+-81.9322825918212",622453,21991
"38.8727709966936+-77.3066867920946","37.0681293494128+-81.9322825918212",594854,20909
"38.9764581313938+-77.343395514021","37.0681293494128+-81.9322825918212",607851,21495
"37.6124838087759+-77.5710039127071","37.0681293494128+-81.9322825918212",523118,18556
"38.7797961207682+-77.4991287001288","37.0681293494128+-81.9322825918212",577347,20640
"37.6664922316132+-77.5185732185742","37.0681293494128+-81.9322825918212",526585,18618
"37.5561949019302+-77.3666366078771","37.0681293494128+-81.9322825918212",551128,19437
"37.6229001081114+-77.5651407547232","37.0681293494128+-81.9322825918212",522324,18516
"37.6114525787211+-77.4784083551593","37.0681293494128+-81.9322825918212",530712,18827
"37.5724570915348+-77.40366538127","37.0681293494128+-81.9322825918212",541507,19214
"38.9920853013314+-77.4818888579815","37.0681293494128+-81.9322825918212",603237,21163
"37.1106077621079+-80.5697584033479","37.0681293494128+-81.9322825918212",186446,7507
"36.8027064700979+-76.0941452583686","37.0681293494128+-81.9322825918212",715742,25170
"38.8892821449884+-77.0749163398704","37.0681293494128+-81.9322825918212",618097,21833
"36.8085514685684+-76.2772026420604","37.0681293494128+-81.9322825918212",698150,24254
"38.8643258976287+-77.3946352078898","37.0681293494128+-81.9322825918212",587633,20830
"38.9473573587502+-77.4061387075885","37.0681293494128+-81.9322825918212",597792,21097
"38.9275959723989+-77.2354761767042","37.0681293494128+-81.9322825918212",609301,21341
"38.2751283445899+-77.5581760758843","37.0681293494128+-81.9322825918212",524155,19940
"36.8476703247004+-76.0220192435385","37.0681293494128+-81.9322825918212",719758,25082
"36.8366644640789+-76.1284474153946","37.0681293494128+-81.9322825918212",710280,24734
"36.7351367691101+-76.0593368760564","37.0681293494128+-81.9322825918212",723646,25779
"38.8114789532879+-77.5912004614537","37.0681293494128+-81.9322825918212",568841,20114
"36.7986422678627+-77.4861351177334","37.0681293494128+-81.9322825918212",579607,20933
"37.6156875161562+-77.597019812329","37.0681293494128+-81.9322825918212",523457,18572
"36.9981789532061+-76.4188352877315","37.0681293494128+-81.9322825918212",662597,22956
"36.9216311041991+-76.1961211467619","37.0681293494128+-81.9322825918212",713671,25148
"38.6446712681192+-78.1417257189171","37.0681293494128+-81.9322825918212",503012,19215
"37.240649733278+-80.0113217607397","37.0681293494128+-81.9322825918212",251724,10279
"37.7075336139649+-80.0247735000644","37.0681293494128+-81.9322825918212",229760,10794
"38.2874576261943+-77.4575074420316","37.0681293494128+-81.9322825918212",532539,20511
"37.5511355271255+-77.4577218600814","37.0681293494128+-81.9322825918212",535717,19223
"37.2808327607194+-79.9610463164809","37.0681293494128+-81.9322825918212",256525,9994
"38.855400619682+-77.0937041775625","37.0681293494128+-81.9322825918212",616213,22016
"38.9207822492296+-77.2248649846695","37.0681293494128+-81.9322825918212",606390,21226
"37.4763544898363+-77.644274308582","37.0681293494128+-81.9322825918212",539322,18999
"37.5258348953793+-77.4394749514338","37.0681293494128+-81.9322825918212",541419,19241
"38.81658525617+-77.1301401512271","37.0681293494128+-81.9322825918212",620679,21928
"36.8882067427934+-76.4163387729114","37.0681293494128+-81.9322825918212",678860,23622
"38.2052112120975+-77.5187773374782","37.0681293494128+-81.9322825918212",530096,19904
"38.9954213335739+-77.5160408803234","37.0681293494128+-81.9322825918212",606645,21422
"38.1380146555755+-77.2901299290526","37.0681293494128+-81.9322825918212",596334,21366
"38.8632295642731+-77.4392922070828","37.0681293494128+-81.9322825918212",586952,20583
"38.7687010367188+-77.5590800028914","37.0681293494128+-81.9322825918212",575275,20421
"38.9532028588433+-77.2439728537428","37.0681293494128+-81.9322825918212",613047,21587
"38.8999587904022+-77.2197713355086","37.0681293494128+-81.9322825918212",606513,21302
"38.9597578834812+-77.3529659602987","37.0681293494128+-81.9322825918212",605400,21319
"38.8712613725293+-77.1915444228348","37.0681293494128+-81.9322825918212",606691,21379
"37.333583773675+-79.9466178414934","37.0681293494128+-81.9322825918212",253361,9858
"36.8445800024137+-76.3922531603536","37.0681293494128+-81.9322825918212",684637,23891
"38.086413507291+-78.4589065792803","37.0681293494128+-81.9322825918212",431744,15920
"38.8627942679124+-77.0730325084363","37.0681293494128+-81.9322825918212",622439,21890
"37.1122408652571+-76.4141828596785","37.0681293494128+-81.9322825918212",650933,22771
"37.2341479975772+-79.9981456720205","37.0681293494128+-81.9322825918212",253816,10330
"38.80093897202+-77.0681344261345","37.0681293494128+-81.9322825918212",624759,22022
"38.0789941214005+-78.4851490504796","37.0681293494128+-81.9322825918212",429579,15725
"36.7382881176834+-76.2699699659147","37.0681293494128+-81.9322825918212",706297,24550
"38.7727088252046+-77.442188317066","37.0681293494128+-81.9322825918212",593334,21101
"37.5080577557845+-77.5351750156221","37.0681293494128+-81.9322825918212",543229,19323
"38.8554585882262+-77.3540500222979","37.0681293494128+-81.9322825918212",589768,20698
"39.177845579344+-78.1293131307276","37.0681293494128+-81.9322825918212",523477,18653
"36.820355792843+-76.1795269556764","37.0681293494128+-81.9322825918212",713708,24845
"38.2029513351373+-77.48637345132","37.0681293494128+-81.9322825918212",536947,20224
"37.4999979320586+-77.4929246435233","37.0681293494128+-81.9322825918212",545710,19439
"37.0350406186753+-76.4256409390841","37.0681293494128+-81.9322825918212",658527,22894
"36.7295904066587+-76.5884847895923","37.0681293494128+-81.9322825918212",656484,23996
"36.839657125448+-76.1472647443899","37.0681293494128+-81.9322825918212",707782,24679
"39.0532122462538+-77.4565805630912","37.0681293494128+-81.9322825918212",592109,21428
"39.031220417897+-77.4155171322986","37.0681293494128+-81.9322825918212",605633,21375
"38.8940365326471+-77.0838112689397","37.0681293494128+-81.9322825918212",615719,21681
"36.7922650378925+-76.27426354151","37.0681293494128+-81.9322825918212",701845,24441
"39.0161653104327+-77.4101899452469","37.0681293494128+-81.9322825918212",606924,21434
"38.9259894553873+-77.2069507053929","37.0681293494128+-81.9322825918212",607105,21231
"38.966629946058+-77.3478994788467","37.0681293494128+-81.9322825918212",606537,21472
"38.68553538388+-77.3277796575227","37.0681293494128+-81.9322825918212",599862,21776
"38.177100269573+-79.0807718161405","37.0681293494128+-81.9322825918212",382686,14100
"37.5080891717537+-77.5213596229846","37.0681293494128+-81.9322825918212",541971,19207
"37.2829725031022+-77.2893529814306","37.0681293494128+-81.9322825918212",575010,20806
"37.5434499098385+-77.4699525901331","37.0681293494128+-81.9322825918212",536743,19072
"38.5736606416433+-77.3277993941374","37.0681293494128+-81.9322825918212",565245,21612
"38.9888119104076+-77.3095403908739","37.0681293494128+-81.9322825918212",613720,21748
"38.9108865112745+-77.2346002107019","37.0681293494128+-81.9322825918212",606249,21340
"37.3855072036011+-77.4712073178903","37.0681293494128+-81.9322825918212",505655,19969
"36.878040780145+-76.2224718277535","37.0681293494128+-81.9322825918212",703490,24817
"36.8568862822041+-76.2828946988459","37.0681293494128+-81.9322825918212",698024,24363
"38.7975850057144+-77.0542636755294","37.0681293494128+-81.9322825918212",626373,22044
"37.2506126150878+-77.4032764807308","37.0681293494128+-81.9322825918212",519598,20168
"38.8738180620607+-77.1228687691416","37.0681293494128+-81.9322825918212",613691,21706
"36.5634999089908+-79.4162335473672","37.0681293494128+-81.9322825918212",325546,13586
"38.863204447009+-77.047762837919","37.0681293494128+-81.9322825918212",622707,21993
"38.8193940773342+-77.0461051179553","37.0681293494128+-81.9322825918212",628639,22201
"37.5898548602679+-77.5175182130792","37.0681293494128+-81.9322825918212",528491,18743
"36.6240891177951+-79.8744865739243","37.0681293494128+-81.9322825918212",279469,11592
"37.6519994932679+-77.4798967370046","37.0681293494128+-81.9322825918212",530363,18710
"38.8523817211272+-77.1133234865632","37.0681293494128+-81.9322825918212",617105,22133
"38.7925906638188+-77.2854160267592","37.0681293494128+-81.9322825918212",602145,21335
"38.9820250372552+-77.3312809812573","37.0681293494128+-81.9322825918212",614548,21773
"38.7406893505946+-77.1662425113559","37.0681293494128+-81.9322825918212",618209,22204
"38.7212856711808+-77.0522792964884","37.0681293494128+-81.9322825918212",636546,22613
"36.8371771470067+-76.4537154255308","37.0681293494128+-81.9322825918212",682980,23720
"37.0873155644577+-76.4870372090038","37.0681293494128+-81.9322825918212",646885,22624
"38.2219619089344+-77.5238344245041","37.0681293494128+-81.9322825918212",530647,19846
"36.8677216419275+-76.162656927222","37.0681293494128+-81.9322825918212",707947,24858
"38.8866867157996+-77.0878653217149","37.0681293494128+-81.9322825918212",615910,21776
"38.8837279273524+-77.1046147355223","37.0681293494128+-81.9322825918212",613092,21577
"37.4686039981842+-77.6112213297306","37.0681293494128+-81.9322825918212",541418,19159
"36.7872330671054+-76.0906470504058","37.0681293494128+-81.9322825918212",717670,25343
"38.9482165457898+-77.3986338232874","37.0681293494128+-81.9322825918212",598598,21141
"38.7519794738179+-77.2000680426169","37.0681293494128+-81.9322825918212",613190,21798
"38.8623709925404+-77.0553537333384","37.0681293494128+-81.9322825918212",622205,21988
"38.8609648093955+-77.4181397975354","37.0681293494128+-81.9322825918212",586778,20798
"38.7393752183042+-77.0986474824929","37.0681293494128+-81.9322825918212",625192,22592
"38.8296287541309+-77.215339134243","37.0681293494128+-81.9322825918212",609142,21487
"38.6398005061167+-77.3642493928865","37.0681293494128+-81.9322825918212",600500,21628
"39.0684680729688+-77.5010267128076","37.0681293494128+-81.9322825918212",587661,21179
"37.2826122002176+-79.8897856147248","37.0681293494128+-81.9322825918212",259086,10219
"36.9016004119408+-75.9914605655157","37.0681293494128+-81.9322825918212",729384,25624
"37.0509962052905+-76.3111089586141","37.0681293494128+-81.9322825918212",665753,23228
"36.8615473296017+-76.2171346234507","37.0681293494128+-81.9322825918212",704793,24628
"37.519381510023+-77.4072475042317","37.0681293494128+-81.9322825918212",541741,19441
"36.732598999501+-76.569070849142","37.0681293494128+-81.9322825918212",658689,24204
"38.8078821166537+-77.1009460825973","37.0681293494128+-81.9322825918212",626591,22159
"38.8744265047299+-77.2905011613304","37.0681293494128+-81.9322825918212",596449,21018
"37.5057045698764+-77.3222866779693","37.0681293494128+-81.9322825918212",551886,19646
"37.5702381073593+-77.4845814290881","37.0681293494128+-81.9322825918212",532959,18906
"36.8497611683914+-76.0380525476698","37.0681293494128+-81.9322825918212",718849,25046
"36.908002660925+-76.1242601640745","37.0681293494128+-81.9322825918212",715112,25161
"36.9125717663101+-76.3028263322274","37.0681293494128+-81.9322825918212",696575,24561
"37.5439532279149+-77.6236978746758","37.0681293494128+-81.9322825918212",533542,18899
"37.1063593643482+-76.4456694899775","37.0681293494128+-81.9322825918212",649588,22591
"37.0554950366892+-76.4573034665357","37.0681293494128+-81.9322825918212",653049,22819
"38.9463061054468+-77.5917402848817","37.0681293494128+-81.9322825918212",579102,20740
"36.7548570532878+-76.5584811045834","37.0681293494128+-81.9322825918212",611011,24229
"37.0165545379564+-76.3644839187037","37.0681293494128+-81.9322825918212",660244,23002
"37.1472542913504+-76.5214079901214","37.0681293494128+-81.9322825918212",638343,22263
"39.109915820401+-77.5510003454492","37.0681293494128+-81.9322825918212",581344,20969
"37.9553642310472+-76.7686859318184","37.0681293494128+-81.9322825918212",611288,22278
"38.8693962491826+-77.3759866683583","37.0681293494128+-81.9322825918212",588699,20743
"38.7664594968609+-77.2042330952547","37.0681293494128+-81.9322825918212",612164,21829
"38.8963096684003+-77.2091855288683","37.0681293494128+-81.9322825918212",605371,21239
"37.3812402840819+-79.1782663358621","37.0681293494128+-81.9322825918212",334958,13383
"37.0103771755864+-78.161455320272","37.0681293494128+-81.9322825918212",460534,17992
"38.3898627266855+-78.8340048697722","37.0681293494128+-81.9322825918212",409864,15062
"38.7623058513191+-77.4711786337797","37.0681293494128+-81.9322825918212",580999,20790
"38.2131024001445+-77.503119418061","37.0681293494128+-81.9322825918212",533164,20056
"37.3421125256456+-79.252114608858","37.0681293494128+-81.9322825918212",324704,12996
"36.8259368674954+-76.301001547392","37.0681293494128+-81.9322825918212",693305,24081
"38.8661627727137+-77.0800549926879","37.0681293494128+-81.9322825918212",616092,22030
"36.7808696507983+-76.3521616555463","37.0681293494128+-81.9322825918212",696547,24280
"36.8512761184077+-76.1158956201814","37.0681293494128+-81.9322825918212",712324,24990
"36.7828407635306+-76.1361471263655","37.0681293494128+-81.9322825918212",718799,25254
"39.0879177697281+-78.1961323340445","37.0681293494128+-81.9322825918212",511115,18264
"36.9219366716951+-81.5189818878425","37.0681293494128+-81.9322825918212",75477,4366
"37.0456414724453+-76.4192651174864","37.0681293494128+-81.9322825918212",655955,22817
"37.3200775302204+-79.269199815331","37.0681293494128+-81.9322825918212",322229,12770
"38.9848212305863+-77.3536876831525","37.0681293494128+-81.9322825918212",608718,21585
"37.5328519770551+-77.3979706591629","37.0681293494128+-81.9322825918212",543945,19390
"38.8482599620029+-77.3890406430323","37.0681293494128+-81.9322825918212",587944,20926
"36.8506985913162+-75.9796730097839","37.0681293494128+-81.9322825918212",723381,25170
"36.6935637329208+-76.1947516047451","37.0681293494128+-81.9322825918212",715191,24942
"38.9121381604259+-77.5280384736079","37.0681293494128+-81.9322825918212",586368,21019
"37.3505039083536+-82.0267450618411","37.0681293494128+-81.9322825918212",62110,3956
"38.3622633505911+-79.5685555378787","37.0681293494128+-81.9322825918212",325391,15791
"38.6684116956265+-77.3530500515172","37.0681293494128+-81.9322825918212",596194,21492
"39.1040060535883+-77.5609941008621","37.0681293494128+-81.9322825918212",579531,20907
"39.0385417991914+-77.4630311263987","37.0681293494128+-81.9322825918212",606897,21466
"38.8992964645545+-77.0809067830602","37.0681293494128+-81.9322825918212",616025,21571
"37.5304498191424+-77.5692240191544","37.0681293494128+-81.9322825918212",537660,19184
"37.5124040578764+-77.6023893332524","37.0681293494128+-81.9322825918212",534780,19157
"37.0040457588552+-76.4257054308935","37.0681293494128+-81.9322825918212",662268,23201
"37.1030760458405+-76.466176236886","37.0681293494128+-81.9322825918212",647210,22481
"36.8719143929192+-76.21725414009","37.0681293494128+-81.9322825918212",703336,24723
"36.9249493543767+-76.2994344409283","37.0681293494128+-81.9322825918212",699162,24828
"36.8827097501563+-75.990206233675","37.0681293494128+-81.9322825918212",727716,25586
"37.040404377745+-76.3122519748757","37.0681293494128+-81.9322825918212",664288,23117
"38.7639049262968+-77.2668092740409","37.0681293494128+-81.9322825918212",605155,21445
"38.8803650830783+-77.2240493581203","37.0681293494128+-81.9322825918212",602701,21484
"36.852372843601+-76.3817232933647","37.0681293494128+-81.9322825918212",683413,23853
"36.5700380345252+-78.3828956421819","37.0681293494128+-81.9322825918212",481121,17898
"36.6117558815659+-78.6526703470602","37.0681293494128+-81.9322825918212",408343,16665
"36.7145949139597+-78.563537214132","37.0681293494128+-81.9322825918212",430692,17707
"38.7517211966619+-77.0693281766368","37.0681293494128+-81.9322825918212",632639,22528
"38.7238702063629+-77.1038887337751","37.0681293494128+-81.9322825918212",624645,22579
"38.7206837723921+-77.2642560059842","37.0681293494128+-81.9322825918212",608258,21591
"38.8447513887317+-77.4588111582295","37.0681293494128+-81.9322825918212",582915,20613
"38.8321346120812+-77.4251395959797","37.0681293494128+-81.9322825918212",584764,20778
"36.7466226557861+-79.9669781579516","37.0681293494128+-81.9322825918212",265965,11238
"36.6034702080325+-79.7659960270459","37.0681293494128+-81.9322825918212",291583,12179
"37.7270998007325+-76.4125500051865","37.0681293494128+-81.9322825918212",655030,23640
"36.9358121608786+-76.717548053488","37.0681293494128+-81.9322825918212",592610,23277
"36.8197281880891+-82.9808970627432","37.0681293494128+-81.9322825918212",156487,7298
"38.0209052319416+-77.3460419682516","37.0681293494128+-81.9322825918212",582259,20637
"36.8702579208009+-78.6025145987667","37.0681293494128+-81.9322825918212",419722,17069
"38.0371872159911+-77.9026807159719","37.0681293494128+-81.9322825918212",484832,17764
"37.4486988225583+-78.8716963646924","37.0681293494128+-81.9322825918212",369299,14788
"38.9360079415871+-77.1945322630057","37.0681293494128+-81.9322825918212",609485,21502
"38.9120953759263+-77.1987971521126","37.0681293494128+-81.9322825918212",605816,21261
"38.2104745500663+-77.1038814224064","37.0681293494128+-81.9322825918212",612544,21757
"38.843645875811+-77.2289237556369","37.0681293494128+-81.9322825918212",607332,21394
"38.8370366344498+-77.2033627980052","37.0681293494128+-81.9322825918212",608463,21505
"38.8028881544733+-77.2321153214439","37.0681293494128+-81.9322825918212",604662,21719
"38.8114544206437+-77.3161532575446","37.0681293494128+-81.9322825918212",596658,21075
"38.8449802057825+-77.4470271487151","37.0681293494128+-81.9322825918212",584697,20554
"38.7223149424483+-77.3039405955138","37.0681293494128+-81.9322825918212",609608,21673
"38.8739463296243+-77.1743402040145","37.0681293494128+-81.9322825918212",609840,21551
"38.8817458543809+-77.2814567358741","37.0681293494128+-81.9322825918212",597925,20930
"38.7968424569117+-77.2074112381988","37.0681293494128+-81.9322825918212",613236,21647
"38.9588213826092+-77.3945871809175","37.0681293494128+-81.9322825918212",601787,21306
"38.9275548667292+-77.1383256809813","37.0681293494128+-81.9322825918212",611312,21729
"38.9219886681392+-77.1708235263257","37.0681293494128+-81.9322825918212",608328,21522
"38.8953674391357+-77.3638734440154","37.0681293494128+-81.9322825918212",594260,21119
"38.9366139965466+-77.3545228894837","37.0681293494128+-81.9322825918212",598962,21351
"38.9202036586906+-77.2724113935588","37.0681293494128+-81.9322825918212",602522,21662
"38.7774964400273+-77.0992990969263","37.0681293494128+-81.9322825918212",627260,22173
"38.8670248359261+-77.2270168974607","37.0681293494128+-81.9322825918212",602416,21457
"38.8525351677479+-77.147173529633","37.0681293494128+-81.9322825918212",612665,21844
"38.8517893689976+-77.1846758464498","37.0681293494128+-81.9322825918212",608137,21564
"38.8509196223958+-77.1623525178696","37.0681293494128+-81.9322825918212",611991,21775
"38.7895577818686+-77.0749586523018","37.0681293494128+-81.9322825918212",625564,22079
"38.0030809493284+-78.7323076229031","37.0681293494128+-81.9322825918212",403897,14870
"38.1717352630989+-78.4235310979332","37.0681293494128+-81.9322825918212",442032,16401
"38.0850789352236+-78.3294183131403","37.0681293494128+-81.9322825918212",446555,16489
"38.0284252174396+-78.5108553502192","37.0681293494128+-81.9322825918212",422804,15369
"37.560405493445+-77.393595729871","37.0681293494128+-81.9322825918212",541380,19235
"37.593583856792+-77.4851937796443","37.0681293494128+-81.9322825918212",530064,18766
"37.5787800440517+-77.5667622216828","37.0681293494128+-81.9322825918212",528583,18966
"37.4282832477915+-77.3690411694527","37.0681293494128+-81.9322825918212",558723,19905
"37.5956365815145+-77.5022741281012","37.0681293494128+-81.9322825918212",528633,18720
"37.5269937763191+-77.3801517062821","37.0681293494128+-81.9322825918212",544758,19402
"36.8097299665626+-82.2863500677483","37.0681293494128+-81.9322825918212",57210,2881
"36.8555465049713+-81.5360421051981","37.0681293494128+-81.9322825918212",90237,5051
"37.551464710745+-76.3713672489747","37.0681293494128+-81.9322825918212",645807,23081
"38.3194782386504+-77.4276734508677","37.0681293494128+-81.9322825918212",539105,20988
"38.287749503245+-77.4212830013168","37.0681293494128+-81.9322825918212",536510,20779
"38.4438592991311+-77.5824850154222","37.0681293494128+-81.9322825918212",542800,20664
"36.6479066465331+-82.8296491002811","37.0681293494128+-81.9322825918212",120835,5632
"37.2178118342953+-77.1379675623716","37.0681293494128+-81.9322825918212",601385,21431
"37.2763099847804+-77.2382970970527","37.0681293494128+-81.9322825918212",577929,20842
"36.5825790376669+-80.1746734860143","37.0681293494128+-81.9322825918212",249035,10479
"37.891634092688+-76.4361046393094","37.0681293494128+-81.9322825918212",646619,23888
"37.7012634142057+-76.6712552515111","37.0681293494128+-81.9322825918212",621330,22338
"37.6077265680137+-76.5832599240622","37.0681293494128+-81.9322825918212",622499,22056
"36.6415221361533+-79.3451907659986","37.0681293494128+-81.9322825918212",343134,13942
"36.5820271869954+-79.6271283058694","37.0681293494128+-81.9322825918212",311243,12984
"36.5848851688025+-79.4952652265702","37.0681293494128+-81.9322825918212",316512,13115
"38.8706438133133+-77.0890424508477","37.0681293494128+-81.9322825918212",614968,21901
"38.1451568240947+-79.0952430412709","37.0681293494128+-81.9322825918212",375383,13844
"36.7684511981616+-80.925560867632","37.0681293494128+-81.9322825918212",184512,7889
"38.7398391165204+-77.4657248241844","37.0681293494128+-81.9322825918212",581821,20871
"38.7808807513069+-77.4649152379327","37.0681293494128+-81.9322825918212",580530,20838
"36.6903204185757+-79.8867699082895","37.0681293494128+-81.9322825918212",279220,11766
"36.6613862639866+-79.8473129201004","37.0681293494128+-81.9322825918212",281953,11947
"36.6046319785802+-80.9773754270329","37.0681293494128+-81.9322825918212",158745,8630
"37.2012387508148+-77.3562430351906","37.0681293494128+-81.9322825918212",523637,20489
"37.5105439516261+-77.4653536978621","37.0681293494128+-81.9322825918212",542807,19438
"37.5061324337366+-77.4357620134241","37.0681293494128+-81.9322825918212",543282,19306
"37.4915316722305+-77.508764276077","37.0681293494128+-81.9322825918212",544861,19382
"37.578662627621+-77.4520853750728","37.0681293494128+-81.9322825918212",533083,18940
"37.5634635444234+-77.480558321426","37.0681293494128+-81.9322825918212",533369,18822
"37.5617463244308+-77.4740221688153","37.0681293494128+-81.9322825918212",533691,18962
"39.1787946093204+-78.1840318146597","37.0681293494128+-81.9322825918212",522045,18859
"37.6743040746951+-77.7954096567191","37.0681293494128+-81.9322825918212",504279,17919
"38.8466314154941+-77.1031286425962","37.0681293494128+-81.9322825918212",624714,22116
"36.632084540584+-82.1325773415481","37.0681293494128+-81.9322825918212",80525,3761
"36.5838609758761+-79.4012484473408","37.0681293494128+-81.9322825918212",326261,13567
"36.5892376926791+-79.4358830391094","37.0681293494128+-81.9322825918212",321759,13257
"38.8604607349515+-77.295232290553","37.0681293494128+-81.9322825918212",598331,21228
"38.2854088940074+-77.4763021783367","37.0681293494128+-81.9322825918212",536679,20430
"38.0459196687361+-78.4602872603962","37.0681293494128+-81.9322825918212",431014,15776
"38.4225029040666+-78.8528393651405","37.0681293494128+-81.9322825918212",413094,15180
"37.0454396643094+-77.0844223698773","37.0681293494128+-81.9322825918212",553308,21765
"36.908829409929+-81.2076801639649","37.0681293494128+-81.9322825918212",118611,5851
"38.8326726645335+-77.0634354530475","37.0681293494128+-81.9322825918212",626403,22248
"38.8219279184791+-77.0616764117922","37.0681293494128+-81.9322825918212",627156,22341
"38.8170818357142+-77.0974934423032","37.0681293494128+-81.9322825918212",624008,22128
"36.6889406996925+-81.7284275978374","37.0681293494128+-81.9322825918212",73398,4548
"37.3258534422583+-76.562987801301","37.0681293494128+-81.9322825918212",643238,23100
"37.3655584692848+-77.4761933934063","37.0681293494128+-81.9322825918212",508886,19967
"37.2607069636561+-77.4660828847357","37.0681293494128+-81.9322825918212",503523,20168
"37.520689576414+-77.6422455727279","37.0681293494128+-81.9322825918212",532347,18871
"37.4547935781219+-77.5335533034294","37.0681293494128+-81.9322825918212",549279,19620
"37.4039145824224+-77.4951375977373","37.0681293494128+-81.9322825918212",501643,19726
"37.301205005287+-77.4149313137135","37.0681293494128+-81.9322825918212",567212,20107
"36.6090185732137+-77.5566272552284","37.0681293494128+-81.9322825918212",557244,20680
"36.8027200657116+-78.873004972692","37.0681293494128+-81.9322825918212",398675,16378
"37.2097513861398+-82.2879183506656","37.0681293494128+-81.9322825918212",54804,3255
"37.7235204760459+-77.5311722138376","37.0681293494128+-81.9322825918212",524794,18847
"37.5848881972744+-77.3434915992671","37.0681293494128+-81.9322825918212",547513,19276
"37.7441561690184+-77.4732029427326","37.0681293494128+-81.9322825918212",530141,19189
"37.7318167608327+-77.670605418252","37.0681293494128+-81.9322825918212",511100,18362
"37.5880939078591+-77.3233026337077","37.0681293494128+-81.9322825918212",546463,19150
"38.9852363519155+-77.6824842274345","37.0681293494128+-81.9322825918212",567305,20666
"38.0863362020811+-78.892671515067","37.0681293494128+-81.9322825918212",387968,14463
"37.1018678303457+-79.8860272283222","37.0681293494128+-81.9322825918212",286470,11318
"37.3493788607874+-79.8189857418459","37.0681293494128+-81.9322825918212",269718,10519
"38.7007391437907+-77.377317087936","37.0681293494128+-81.9322825918212",595700,21418
"38.6672467545801+-77.3700329698023","37.0681293494128+-81.9322825918212",595512,21417
"38.6914829211258+-77.2946902096962","37.0681293494128+-81.9322825918212",602740,22001
"38.8531452264117+-77.5774706256571","37.0681293494128+-81.9322825918212",574334,20367
"37.0571057078121+-76.3721187675709","37.0681293494128+-81.9322825918212",656316,22822
"37.0292627182039+-76.3192945998954","37.0681293494128+-81.9322825918212",662823,22976
"37.0189130384179+-76.3218734003424","37.0681293494128+-81.9322825918212",662821,22933
"37.005570443659+-82.57797491939","37.0681293494128+-81.9322825918212",98847,4931
"37.0277555553153+-76.3075820787805","37.0681293494128+-81.9322825918212",664830,23166
"37.2171864696694+-76.5232799292886","37.0681293494128+-81.9322825918212",638926,22532
"37.1926891009868+-76.425214995148","37.0681293494128+-81.9322825918212",648294,22781
"36.8508511422243+-76.3277989857112","37.0681293494128+-81.9322825918212",688712,23865
"36.837845572286+-76.3011904675026","37.0681293494128+-81.9322825918212",691960,24165
"36.8277289046274+-76.3432780093611","37.0681293494128+-81.9322825918212",692344,24110
"36.8270234275483+-76.3774584035851","37.0681293494128+-81.9322825918212",688749,24064
"36.7939908500736+-76.3552389185358","37.0681293494128+-81.9322825918212",694741,24124
"36.9841364203535+-76.4013386467966","37.0681293494128+-81.9322825918212",663160,23024
"36.9741088062648+-76.4225116674232","37.0681293494128+-81.9322825918212",667010,23089
"37.0576570100821+-76.5053733580148","37.0681293494128+-81.9322825918212",653921,22933
"37.0079068318701+-76.4378642295759","37.0681293494128+-81.9322825918212",658196,23145
"36.886142133729+-76.2276385436294","37.0681293494128+-81.9322825918212",709284,24600
"36.8739272087358+-76.2427895195581","37.0681293494128+-81.9322825918212",701915,24709
"36.9404374152131+-76.253499883899","37.0681293494128+-81.9322825918212",706975,25084
"36.9080723374356+-76.2673075282771","37.0681293494128+-81.9322825918212",698406,24726
"36.9374570710757+-76.2390133148771","37.0681293494128+-81.9322825918212",707710,25163
"36.8820394537953+-76.2569952546777","37.0681293494128+-81.9322825918212",700660,24628
"36.859859818287+-76.2917702769681","37.0681293494128+-81.9322825918212",692409,24243
"36.8559299859979+-76.2539242695579","37.0681293494128+-81.9322825918212",699371,24403
"36.8319050927841+-76.259568258775","37.0681293494128+-81.9322825918212",697496,24389
"36.8427122677647+-76.0711443442075","37.0681293494128+-81.9322825918212",716249,24915
"36.8720457579044+-75.9946514323129","37.0681293494128+-81.9322825918212",726029,25430
"36.8200876880811+-76.1048254488887","37.0681293494128+-81.9322825918212",713551,25002
"36.8185000179258+-76.1326767890954","37.0681293494128+-81.9322825918212",711690,24871
"36.7679817819612+-76.1662395227833","37.0681293494128+-81.9322825918212",714660,25150
"36.8085794617326+-76.1068112596375","37.0681293494128+-81.9322825918212",714335,25059
"36.786429487689+-76.1174605514111","37.0681293494128+-81.9322825918212",715248,25273
"36.8008908626523+-76.1471110861248","37.0681293494128+-81.9322825918212",712463,25054
"37.2616603435983+-79.9476566987685","37.0681293494128+-81.9322825918212",257138,10057
"37.2637540232777+-79.9214011796506","37.0681293494128+-81.9322825918212",257461,10022
"36.8121776155403+-76.2525249382489","37.0681293494128+-81.9322825918212",700285,24502
"36.6108981674995+-76.3031361337873","37.0681293494128+-81.9322825918212",716563,25431
"36.7613355379758+-76.3535730352575","37.0681293494128+-81.9322825918212",694512,23972
"36.6591501488681+-76.2166599583139","37.0681293494128+-81.9322825918212",718359,25051
"37.6446705197745+-77.8794934023749","37.0681293494128+-81.9322825918212",506558,18331
"39.3435533739388+-78.2708375441432","37.0681293494128+-81.9322825918212",545274,19845
"37.1096093256009+-80.6814424030488","37.0681293494128+-81.9322825918212",149806,6877
"37.1307623456764+-80.7637495657464","37.0681293494128+-81.9322825918212",155520,7278
"36.9787833961008+-80.6500685399637","37.0681293494128+-81.9322825918212",180712,8007
"37.4467325226301+-79.1059481758834","37.0681293494128+-81.9322825918212",352259,14017
"37.4744470448902+-79.107463945766","37.0681293494128+-81.9322825918212",350758,13847
"37.2318638477581+-76.7210154186626","37.0681293494128+-81.9322825918212",624708,21982
"37.3253202030741+-80.0121832525096","37.0681293494128+-81.9322825918212",244679,9541
"37.1822641703242+-79.958381736096","37.0681293494128+-81.9322825918212",270344,10606
"37.1295248333847+-78.9264934268741","37.0681293494128+-81.9322825918212",364640,14830
"37.3507173806531+-80.1278365738613","37.0681293494128+-81.9322825918212",241481,9687
"38.4725620511809+-78.7796967825009","37.0681293494128+-81.9322825918212",425063,15650
"38.3919503998624+-78.7615740663149","37.0681293494128+-81.9322825918212",429979,16510
"37.3506887382257+-79.2869838251788","37.0681293494128+-81.9322825918212",323077,12828
"37.3029963591198+-79.714787073448","37.0681293494128+-81.9322825918212",278521,11244
"37.2088069902081+-81.4080437038842","37.0681293494128+-81.9322825918212",60861,3148
"37.1559103573548+-81.7312899977372","37.0681293494128+-81.9322825918212",37524,2554
"38.2046792747131+-78.8404669257334","37.0681293494128+-81.9322825918212",402312,14920
"38.9237776908767+-78.2056796829901","37.0681293494128+-81.9322825918212",514192,18546
"38.9250158795307+-78.1900998392774","37.0681293494128+-81.9322825918212",513430,18414
"38.7128868113077+-78.486989988383","37.0681293494128+-81.9322825918212",467468,17233
"38.5493262914212+-77.6275492334413","37.0681293494128+-81.9322825918212",537981,20402
"38.8724478769299+-78.1691743532596","37.0681293494128+-81.9322825918212",522111,19038
"37.3994661775966+-79.1833240804878","37.0681293494128+-81.9322825918212",330205,13677
"38.518119701399+-78.1119765743458","37.0681293494128+-81.9322825918212",495064,18709
"38.4925568302997+-77.9668623169925","37.0681293494128+-81.9322825918212",502538,18792
"36.7386236222364+-76.5826464612477","37.0681293494128+-81.9322825918212",608883,24239
"37.425516366658+-79.8294407744561","37.0681293494128+-81.9322825918212",269829,10386
"37.0473606266813+-77.9306259681932","37.0681293494128+-81.9322825918212",467957,18487
"36.7659147541774+-76.2392552258765","37.0681293494128+-81.9322825918212",707241,24649
"37.1187143369828+-76.4862214468545","37.0681293494128+-81.9322825918212",644100,22349
"37.1654817503263+-76.564306177715","37.0681293494128+-81.9322825918212",636250,22115
"36.7219623728877+-76.5710503037481","37.0681293494128+-81.9322825918212",658514,24324
"36.8759222216493+-76.3178567262429","37.0681293494128+-81.9322825918212",695921,24523
"37.539099892521+-77.451264315303","37.0681293494128+-81.9322825918212",538507,19130
"36.6042124733555+-76.8308122853861","37.0681293494128+-81.9322825918212",637174,23074
"36.8657003926439+-76.2874121599006","37.0681293494128+-81.9322825918212",692759,24309
"36.7549165910854+-76.6324128929113","37.0681293494128+-81.9322825918212",605369,23992
"37.2331260526427+-79.9560815262687","37.0681293494128+-81.9322825918212",261656,10243
"37.2896697998076+-79.9020935537794","37.0681293494128+-81.9322825918212",257425,10050
"37.0900624132311+-76.3616337579234","37.0681293494128+-81.9322825918212",660776,23142
"37.0770667836603+-76.391924052161","37.0681293494128+-81.9322825918212",657382,22950
"37.194560588348+-80.5473115664095","37.0681293494128+-81.9322825918212",159289,7626
"39.2691851138417+-77.6983396639818","37.0681293494128+-81.9322825918212",581121,21130
"39.0946234418034+-77.6477688079649","37.0681293494128+-81.9322825918212",575199,20795
"39.0535172868452+-77.5251025767673","37.0681293494128+-81.9322825918212",590095,21317
"39.057237918181+-77.4281558867451","37.0681293494128+-81.9322825918212",594317,21457
"39.0509629374927+-77.3739496466984","37.0681293494128+-81.9322825918212",611311,21537
"39.0537754451535+-77.3529066253111","37.0681293494128+-81.9322825918212",615196,21859
"39.0254166189446+-77.3787926452527","37.0681293494128+-81.9322825918212",611402,21609
"39.0365878076115+-77.372665055815","37.0681293494128+-81.9322825918212",611857,21691
"39.0088845482669+-77.5149501910324","37.0681293494128+-81.9322825918212",592436,21374
"38.8959905566861+-77.4967938117142","37.0681293494128+-81.9322825918212",591789,21029
"39.0011886820046+-77.4625368209229","37.0681293494128+-81.9322825918212",603179,21241
"38.3655070789147+-78.8926911364884","37.0681293494128+-81.9322825918212",404591,14760
"38.8817331989335+-77.1181046254351","37.0681293494128+-81.9322825918212",611820,21374
"38.8720919292931+-77.1065244076944","37.0681293494128+-81.9322825918212",613490,21726
"38.8626085723216+-77.0656716968061","37.0681293494128+-81.9322825918212",622567,21939
"37.2715073506961+-80.3214649950637","37.0681293494128+-81.9322825918212",183416,8188
"37.1107297094238+-80.4223030190214","37.0681293494128+-81.9322825918212",199126,7904
"37.6616019180949+-77.5523966803145","37.0681293494128+-81.9322825918212",522645,18617
"37.2735684794654+-77.3573985562468","37.0681293494128+-81.9322825918212",524022,20584
"38.6196652541806+-77.3038134379127","37.0681293494128+-81.9322825918212",572274,21779
"38.6377684000818+-77.3390717371031","37.0681293494128+-81.9322825918212",603264,21837
"38.6442541860137+-77.3007915768544","37.0681293494128+-81.9322825918212",572059,21776
"37.5185069668748+-77.5470200239917","37.0681293494128+-81.9322825918212",542057,19202
"38.5930878428296+-77.4715155626655","37.0681293494128+-81.9322825918212",572059,21970
"38.664115977704+-77.3895503973072","37.0681293494128+-81.9322825918212",593420,21326
"38.6994920460278+-77.3416417563279","37.0681293494128+-81.9322825918212",599319,21747
"38.8353726069563+-77.6556617017245","37.0681293494128+-81.9322825918212",567203,20057
"37.3306469284364+-77.4926254290115","37.0681293494128+-81.9322825918212",507258,20055
"37.4891906864346+-77.679615109223","37.0681293494128+-81.9322825918212",534563,18772
"37.3947268966599+-77.6181824619383","37.0681293494128+-81.9322825918212",489147,19333
"37.8996049407186+-75.4527101505962","37.0681293494128+-81.9322825918212",854616,31206
"37.0780827443672+-79.5646957939583","37.0681293494128+-81.9322825918212",311076,12838
"38.6908449556638+-77.2177119339533","37.0681293494128+-81.9322825918212",580562,22053
"38.7106167936959+-77.2112742872449","37.0681293494128+-81.9322825918212",614621,22120
"38.7514650377325+-77.173103783512","37.0681293494128+-81.9322825918212",617677,22172
"38.8828735330186+-77.4295929960881","37.0681293494128+-81.9322825918212",587723,20809
"38.7378298767575+-77.200681215625","37.0681293494128+-81.9322825918212",614544,21917
"38.9174022411787+-77.2136307400418","37.0681293494128+-81.9322825918212",607688,21317
"38.7277107232211+-77.2311323311014","37.0681293494128+-81.9322825918212",609552,21728
"38.8396988213944+-77.331526656919","37.0681293494128+-81.9322825918212",595214,21180
"38.9525369336338+-77.3985892867133","37.0681293494128+-81.9322825918212",598522,21209
"38.9402035250843+-77.3100543409948","37.0681293494128+-81.9322825918212",602201,21398
"38.8427784434266+-77.1155748588302","37.0681293494128+-81.9322825918212",615181,22227
"38.9995977187515+-77.3612137461968","37.0681293494128+-81.9322825918212",610033,21561
"38.9013451534153+-77.1865000770853","37.0681293494128+-81.9322825918212",611552,21433
"38.8213235223507+-77.4192107363388","37.0681293494128+-81.9322825918212",589674,20879
"38.857321305675+-77.3960036289724","37.0681293494128+-81.9322825918212",588887,20767
"36.6580516029825+-79.5977089615649","37.0681293494128+-81.9322825918212",306875,12752
"38.3156986846517+-77.5826156069068","37.0681293494128+-81.9322825918212",523842,19839
"38.2878564122562+-77.6539416453595","37.0681293494128+-81.9322825918212",516859,19559
"38.2589980807202+-77.5190420941724","37.0681293494128+-81.9322825918212",531324,19963
"38.2810427389503+-77.5219491621556","37.0681293494128+-81.9322825918212",527534,20144
"38.2631882493457+-77.571929839235","37.0681293494128+-81.9322825918212",530639,19816
"38.0692084625296+-77.707138933975","37.0681293494128+-81.9322825918212",513554,19468
"38.236465147772+-77.4576941428091","37.0681293494128+-81.9322825918212",537287,20391
"37.6821464143791+-77.4203724434314","37.0681293494128+-81.9322825918212",539734,19117
"38.6492609687254+-77.7701791141514","37.0681293494128+-81.9322825918212",532256,19971
"36.7258449552627+-75.957116727472","37.0681293494128+-81.9322825918212",736523,26384
"38.528689702544+-77.4497560743079","37.0681293494128+-81.9322825918212",564770,21757
"38.3967702477623+-77.5130645485925","37.0681293494128+-81.9322825918212",550118,20978
"38.4076723038254+-77.452524625543","37.0681293494128+-81.9322825918212",544852,20880
"38.3451543527755+-77.5389479832657","37.0681293494128+-81.9322825918212",537785,20696
"38.4459687805237+-77.5039780438036","37.0681293494128+-81.9322825918212",551885,21075
"38.4749064053107+-78.3347746013687","37.0681293494128+-81.9322825918212",482974,18302
"38.3499292736662+-78.3038478563186","37.0681293494128+-81.9322825918212",465457,17278
"38.4020008192132+-78.1623266485062","37.0681293494128+-81.9322825918212",478278,17930
"38.2425825700264+-78.3897950585533","37.0681293494128+-81.9322825918212",452373,16825
"36.6884243319252+-80.8188976517375","37.0681293494128+-81.9322825918212",179596,7563
"38.3334890241153+-78.8252781145864","37.0681293494128+-81.9322825918212",407396,15026
"37.3339930523895+-79.9596468990903","37.0681293494128+-81.9322825918212",250211,9733
"38.3522779801121+-77.7613316477579","37.0681293494128+-81.9322825918212",511414,19285
"37.6753407887169+-78.8038503936593","37.0681293494128+-81.9322825918212",393282,15747
"36.7170449876829+-82.1932180441978","37.0681293494128+-81.9322825918212",74514,3726
"38.3145762353348+-77.4734334712208","37.0681293494128+-81.9322825918212",531719,20465
"37.41385984619+-79.9618831380393","37.0681293494128+-81.9322825918212",220222,11216
"38.1916828088183+-77.4588284122384","37.0681293494128+-81.9322825918212",539057,20373
"38.0009510760871+-79.8684026828721","37.0681293494128+-81.9322825918212",258008,12034
"37.2464020265008+-76.6697886023603","37.0681293494128+-81.9322825918212",626440,21803
"37.2318176336796+-76.6652962346119","37.0681293494128+-81.9322825918212",626429,21927
"37.2851246560096+-76.7588100553725","37.0681293494128+-81.9322825918212",623803,21978
"37.2939785901684+-76.7683665507151","37.0681293494128+-81.9322825918212",620702,21963
"37.2998873380602+-76.7859875756122","37.0681293494128+-81.9322825918212",620727,21964
"37.4116427695982+-76.7472387970644","37.0681293494128+-81.9322825918212",606434,21126
"37.4078134391102+-76.8427711806792","37.0681293494128+-81.9322825918212",602562,21055
"37.7892471842307+-79.5063289998304","37.0681293494128+-81.9322825918212",322800,12449
"38.179167905198+-79.0504675528626","37.0681293494128+-81.9322825918212",382266,14069
"37.097054708704+-76.411190263736","37.0681293494128+-81.9322825918212",651255,22814
"37.5882402694739+-77.4704670979117","37.0681293494128+-81.9322825918212",533733,18826
"37.4707673164897+-77.4991549231707","37.0681293494128+-81.9322825918212",547427,19427
"37.5435741288087+-77.4439563358961","37.0681293494128+-81.9322825918212",537276,19131
"36.9356827136564+-76.527414705759","37.0681293494128+-81.9322825918212",670259,23684
"38.9239229159592+-77.4241015990188","37.0681293494128+-81.9322825918212",592927,20835
"38.9746057268521+-77.2742300346578","37.0681293494128+-81.9322825918212",616804,21838
"38.876195344387+-77.2525149438788","37.0681293494128+-81.9322825918212",599516,21086
"38.8734683557286+-77.2727481151366","37.0681293494128+-81.9322825918212",599541,21083
"38.8101053198754+-77.1267481732148","37.0681293494128+-81.9322825918212",621072,21944
"38.8368201790504+-77.1072331588717","37.0681293494128+-81.9322825918212",624691,22087
"38.8366943830737+-77.1029159938196","37.0681293494128+-81.9322825918212",623227,21865
"37.5934623068852+-79.1091925135239","37.0681293494128+-81.9322825918212",359476,14307
"36.921207274393+-80.4967788673555","37.0681293494128+-81.9322825918212",213269,9206
"36.9656207974131+-80.3714598846396","37.0681293494128+-81.9322825918212",213917,8719
"37.0292073042183+-80.2437451831418","37.0681293494128+-81.9322825918212",223215,9301
"36.8716066018781+-76.4635975372203","37.0681293494128+-81.9322825918212",682878,23787
"36.850111703678+-76.5147851167839","37.0681293494128+-81.9322825918212",690080,24207
"37.9851561198707+-77.5687584857273","37.0681293494128+-81.9322825918212",523161,19488
"37.3788776099655+-77.664533086993","37.0681293494128+-81.9322825918212",487054,19188
"36.8061276695872+-76.1257008808934","37.0681293494128+-81.9322825918212",713715,25082
"36.7984226868718+-76.0784137910562","37.0681293494128+-81.9322825918212",716655,25271
"38.210811334912+-79.1372084724051","37.0681293494128+-81.9322825918212",386630,14248
"37.329807221595+-79.5250153152507","37.0681293494128+-81.9322825918212",295756,11753
"37.3459337427306+-79.5175056156398","37.0681293494128+-81.9322825918212",297126,11872
"37.3399994763463+-79.322960983184","37.0681293494128+-81.9322825918212",319488,12947
"38.2156378074471+-79.0402764703401","37.0681293494128+-81.9322825918212",384781,14199
"36.8378265523115+-76.4065327284993","37.0681293494128+-81.9322825918212",683424,23790
"36.8019391579466+-76.417666043582","37.0681293494128+-81.9322825918212",686581,23765
"36.6726165912209+-76.2813994217586","37.0681293494128+-81.9322825918212",720696,25388
"36.7828252973256+-76.2268475400367","37.0681293494128+-81.9322825918212",709851,24744
"37.0986103462287+-77.7839896263533","37.0681293494128+-81.9322825918212",479144,18771
"36.6082499977542+-80.5241595260929","37.0681293494128+-81.9322825918212",210644,8952
"38.8800584263525+-78.5066420136143","37.0681293494128+-81.9322825918212",472557,17002
"37.9372193570351+-75.5516374444231","37.0681293494128+-81.9322825918212",848278,30555
"36.7294561588455+-78.9222961321399","37.0681293494128+-81.9322825918212",386367,15960
"38.545270950116+-78.4928324044252","37.0681293494128+-81.9322825918212",467567,17305
"37.8183413655955+-75.5651872888027","37.0681293494128+-81.9322825918212",836516,30103
"38.9941664533922+-78.3982993908466","37.0681293494128+-81.9322825918212",494969,17560
"37.1332712862161+-81.4847114207519","37.0681293494128+-81.9322825918212",50761,2650
"37.1887568636849+-81.3528124768486","37.0681293494128+-81.9322825918212",81304,4856
"36.7785681821601+-76.05112412319","37.0681293494128+-81.9322825918212",725434,25464
"36.763961195748+-76.0303156842529","37.0681293494128+-81.9322825918212",723835,25720
"36.6058159406799+-78.105380645383","37.0681293494128+-81.9322825918212",499559,17921
"36.7640326609315+-78.1309339141809","37.0681293494128+-81.9322825918212",514123,18498
"36.8057758366418+-78.4143557509606","37.0681293494128+-81.9322825918212",435065,18039
"37.5922497838413+-77.6114854049289","37.0681293494128+-81.9322825918212",526678,18682
"37.6060490707868+-77.5446364611413","37.0681293494128+-81.9322825918212",526529,18775
"37.6348512243884+-77.6434713593671","37.0681293494128+-81.9322825918212",519064,18630
"37.5214335569989+-77.3468177591294","37.0681293494128+-81.9322825918212",547063,19425
"37.6760093759997+-77.4729732457631","37.0681293494128+-81.9322825918212",532472,18834
"37.6051094174655+-77.6269893127764","37.0681293494128+-81.9322825918212",524518,18534
"37.5441820774232+-77.3781514947229","37.0681293494128+-81.9322825918212",542724,19228
"37.6024090178068+-77.4375666279542","37.0681293494128+-81.9322825918212",535002,18965
"37.5390240143487+-77.3573123258589","37.0681293494128+-81.9322825918212",546332,19392
"37.6132179001489+-77.5533340687104","37.0681293494128+-81.9322825918212",523732,18589
"36.9448022120444+-79.7376638188661","37.0681293494128+-81.9322825918212",311428,12580
"36.9839446006591+-79.9096990610603","37.0681293494128+-81.9322825918212",264946,11604
"36.8568234779737+-79.7737380967891","37.0681293494128+-81.9322825918212",315170,12384
"39.0891879556418+-78.1470131113699","37.0681293494128+-81.9322825918212",516691,18645
"39.1773539263147+-78.1061323540579","37.0681293494128+-81.9322825918212",525639,18802
"39.1833979217774+-78.0893846813915","37.0681293494128+-81.9322825918212",530074,19146
"37.9049006936056+-78.3189367451392","37.0681293494128+-81.9322825918212",456801,16859
"38.9938864524249+-77.5374658542555","37.0681293494128+-81.9322825918212",590309,21315
"36.6505222933934+-79.4488270976381","37.0681293494128+-81.9322825918212",325342,13510
"37.0608572574861+-80.3975628005806","37.0681293494128+-81.9322825918212",202833,8436
"37.2117586833314+-80.4119680709373","37.0681293494128+-81.9322825918212",180651,7849
"37.200353835137+-80.3842111912133","37.0681293494128+-81.9322825918212",184645,8080
"36.6171599127119+-82.1767449983925","37.0681293494128+-81.9322825918212",85261,3953
"37.6234017972376+-78.1781842296863","37.0681293494128+-81.9322825918212",448784,17997
"36.8798957053304+-82.1306072541856","37.0681293494128+-81.9322825918212",38628,2141
"38.6610206026548+-77.6690527852498","37.0681293494128+-81.9322825918212",535270,20263
"38.7267341563772+-77.7321033031807","37.0681293494128+-81.9322825918212",566269,20157
"38.6773056176119+-77.2589913885475","37.0681293494128+-81.9322825918212",576840,21856
"38.6475134869149+-77.2557519975127","37.0681293494128+-81.9322825918212",576258,22067
"38.7882325047978+-77.5270031936615","37.0681293494128+-81.9322825918212",573992,20321
"38.8443676601138+-77.0520308895603","37.0681293494128+-81.9322825918212",623409,22035
"38.8788601342175+-77.1100761973455","37.0681293494128+-81.9322825918212",612966,21624
"38.025843499766+-78.4437028245356","37.0681293494128+-81.9322825918212",431614,15575
"38.1345283319431+-78.4431344843347","37.0681293494128+-81.9322825918212",436643,16091
"38.0358948921371+-78.5173138296527","37.0681293494128+-81.9322825918212",423751,15551
"36.7394623699919+-76.1771986333967","37.0681293494128+-81.9322825918212",714527,25068
"38.9280667076227+-77.5493480268427","37.0681293494128+-81.9322825918212",586820,20985
"36.9551067477863+-76.6255407254855","37.0681293494128+-81.9322825918212",603475,23895
"36.7663856338208+-80.044146922166","37.0681293494128+-81.9322825918212",258907,10880
"36.7869034165231+-79.9224363215049","37.0681293494128+-81.9322825918212",274256,11806
"36.5861109120775+-79.9599507732431","37.0681293494128+-81.9322825918212",272225,11475
"36.7128491904619+-80.0268225800053","37.0681293494128+-81.9322825918212",262799,11068
"36.7332984594087+-79.9002015868456","37.0681293494128+-81.9322825918212",274147,11778
"36.5934583807238+-79.8528994319235","37.0681293494128+-81.9322825918212",281731,11752
"36.8438722172426+-76.7388677993195","37.0681293494128+-81.9322825918212",591748,23367
"36.9862240647095+-76.5916294144588","37.0681293494128+-81.9322825918212",605629,24219
"37.7661449910114+-76.5191768078682","37.0681293494128+-81.9322825918212",646089,23636
"36.6435100824604+-83.1071809074642","37.0681293494128+-81.9322825918212",153428,7565
"37.1706601666412+-78.1717257404241","37.0681293494128+-81.9322825918212",439179,17126
"37.8276419722417+-78.6187508622803","37.0681293494128+-81.9322825918212",420926,16481
"37.9745458526131+-78.6068453071537","37.0681293494128+-81.9322825918212",429197,15552
"37.296346160929+-78.5350267015878","37.0681293494128+-81.9322825918212",396370,15559
"37.8380816134183+-77.8160760297813","37.0681293494128+-81.9322825918212",500701,17972
"38.3377194810222+-77.0752294221336","37.0681293494128+-81.9322825918212",572296,22204
"37.6271047115438+-77.6233714191947","37.0681293494128+-81.9322825918212",523982,18792
"37.6008340043359+-77.5789955026584","37.0681293494128+-81.9322825918212",525100,18705
"37.5942289675354+-77.5570788866696","37.0681293494128+-81.9322825918212",526286,18758
"37.6392395407436+-77.527765343438","37.0681293494128+-81.9322825918212",525384,18722
"37.618640190628+-77.5339991652452","37.0681293494128+-81.9322825918212",524862,18649
"37.6070366548707+-77.5027236286072","37.0681293494128+-81.9322825918212",529945,18769
"37.6191662541451+-77.4492118334493","37.0681293494128+-81.9322825918212",536311,19088
"37.6072745961281+-77.4636696431489","37.0681293494128+-81.9322825918212",533904,18856
"37.5347789611125+-77.2682878426676","37.0681293494128+-81.9322825918212",554055,19483
"37.9156754688244+-76.8940366642476","37.0681293494128+-81.9322825918212",600245,21971
"38.9603953050738+-77.3426491591253","37.0681293494128+-81.9322825918212",606884,21489
"38.92527396043+-77.2521476666482","37.0681293494128+-81.9322825918212",609479,21544
"38.9020309409466+-77.2505309805707","37.0681293494128+-81.9322825918212",601964,21421
"38.7733884055308+-77.1438179460172","37.0681293494128+-81.9322825918212",621374,22004
"38.7691108583398+-77.2174728175657","37.0681293494128+-81.9322825918212",612448,21883
"38.8261601184952+-77.1561086328621","37.0681293494128+-81.9322825918212",613311,21872
"39.0116384133641+-77.2730167571312","37.0681293494128+-81.9322825918212",620853,22045
"37.8213534366224+-76.8236128268915","37.0681293494128+-81.9322825918212",599992,21825
"38.7633604270863+-77.1356853826291","37.0681293494128+-81.9322825918212",617455,22154
"38.7493000673315+-77.0888661664288","37.0681293494128+-81.9322825918212",630399,22632
"38.738546813016+-77.115592859359","37.0681293494128+-81.9322825918212",624548,22565
"38.7870998152399+-77.1646065224613","37.0681293494128+-81.9322825918212",617710,21766
"38.8424796755752+-77.1821571119377","37.0681293494128+-81.9322825918212",609766,21652
"38.853341859481+-77.1269227501944","37.0681293494128+-81.9322825918212",616406,21921
"38.8406459082736+-77.1266893493019","37.0681293494128+-81.9322825918212",615625,22084
"38.8620765680283+-77.170122414412","37.0681293494128+-81.9322825918212",609092,21631
"38.8614666175428+-77.1558646034883","37.0681293494128+-81.9322825918212",611486,21750
"38.8332934446413+-77.1447357869339","37.0681293494128+-81.9322825918212",613328,21923
"38.8705215485421+-77.1465715218763","37.0681293494128+-81.9322825918212",610981,21583
"38.8144604249171+-77.1512390307939","37.0681293494128+-81.9322825918212",620260,21934
"38.8287373078551+-77.2407389343366","37.0681293494128+-81.9322825918212",610817,21479
"38.8082417780361+-77.2686633984416","37.0681293494128+-81.9322825918212",601044,21403
"38.9608899833509+-77.3829490651183","37.0681293494128+-81.9322825918212",600594,21333
"38.9720237434523+-77.400452283963","37.0681293494128+-81.9322825918212",601359,21315
"38.935292670767+-77.1570135081001","37.0681293494128+-81.9322825918212",615048,21863
"38.9208256256209+-77.1858438050331","37.0681293494128+-81.9322825918212",607624,21403
"38.9021019057115+-77.2746927800759","37.0681293494128+-81.9322825918212",599099,21229
"38.9017640474909+-77.3348103387744","37.0681293494128+-81.9322825918212",595801,21192
"38.9231346561268+-77.4075584177477","37.0681293494128+-81.9322825918212",596078,21079
"38.9593174549369+-77.3127820618062","37.0681293494128+-81.9322825918212",613867,21776
"38.723279202328+-77.0687279886028","37.0681293494128+-81.9322825918212",635397,22698
"38.748854650231+-77.0497180207913","37.0681293494128+-81.9322825918212",632246,22337
"38.7186748131811+-77.0877451085963","37.0681293494128+-81.9322825918212",626206,22642
"38.7061811467534+-77.1155986431885","37.0681293494128+-81.9322825918212",623236,22446
"38.8881961616143+-77.2344439066377","37.0681293494128+-81.9322825918212",601401,21307
"38.7814980688346+-77.3948842643749","37.0681293494128+-81.9322825918212",595373,21211
"38.7913212568819+-77.2989184886657","37.0681293494128+-81.9322825918212",600986,21239
"38.7827361598296+-77.2240496678194","37.0681293494128+-81.9322825918212",607882,21747
"38.8150136448705+-77.4711081054712","37.0681293494128+-81.9322825918212",581896,20878
"38.9342390130341+-77.3335276689647","37.0681293494128+-81.9322825918212",600568,21414
"37.0052602694798+-79.2248924800302","37.0681293494128+-81.9322825918212",339981,14164
"36.7511279576325+-79.4005686255019","37.0681293494128+-81.9322825918212",332963,14021
"36.8147889616566+-79.5768313452785","37.0681293494128+-81.9322825918212",313117,13225
"36.707210394998+-79.3376441789558","37.0681293494128+-81.9322825918212",352417,14339
"36.6568058051277+-80.1328228045076","37.0681293494128+-81.9322825918212",251721,10748
"37.8543349384278+-77.3651346668827","37.0681293494128+-81.9322825918212",562665,19814
"37.037375298097+-78.7661050971366","37.0681293494128+-81.9322825918212",387299,15972
"37.812789383414+-78.3738905786863","37.0681293494128+-81.9322825918212",457345,16965
"37.5911290065465+-77.2968003854876","37.0681293494128+-81.9322825918212",548943,19338
"37.4263578922875+-77.5963035428916","37.0681293494128+-81.9322825918212",491589,19455
"37.4233943040102+-77.43318551734","37.0681293494128+-81.9322825918212",553189,19614
"37.3221804475584+-77.4141527350431","37.0681293494128+-81.9322825918212",568211,20165
"37.1191412112259+-82.4292405899199","37.0681293494128+-81.9322825918212",81064,4723
"37.1919182328691+-77.6246926731898","37.0681293494128+-81.9322825918212",492960,19213
"36.8098810327023+-79.0742404486351","37.0681293494128+-81.9322825918212",365087,15544
"36.7813678201634+-77.5642690632716","37.0681293494128+-81.9322825918212",564676,20472
"37.6246106234014+-75.8155359073654","37.0681293494128+-81.9322825918212",804631,28725
"37.3846405925602+-77.4997903032417","37.0681293494128+-81.9322825918212",501524,19717
"37.4200606410769+-77.4625335385555","37.0681293494128+-81.9322825918212",555275,19703
"37.4772011313656+-77.543838500499","37.0681293494128+-81.9322825918212",546669,19534
"37.4880074627253+-77.6140956079375","37.0681293494128+-81.9322825918212",538268,19230
"37.5094663422912+-77.6341608881296","37.0681293494128+-81.9322825918212",536005,19003
"37.3466154875509+-77.436646651379","37.0681293494128+-81.9322825918212",510774,20189
"37.4375683860654+-77.5097084192907","37.0681293494128+-81.9322825918212",551300,19619
"37.4862529078774+-77.5590572631532","37.0681293494128+-81.9322825918212",545756,19415
"37.3350657215125+-77.7390328577996","37.0681293494128+-81.9322825918212",477575,18935
"37.475012602292+-77.5833436614196","37.0681293494128+-81.9322825918212",543741,19205
"37.4190056176834+-77.7821326862081","37.0681293494128+-81.9322825918212",475728,18527
"37.4193319854997+-77.6711309806581","37.0681293494128+-81.9322825918212",483970,18847
"37.3655227329802+-77.340099133132","37.0681293494128+-81.9322825918212",576104,20241
"36.8801179763897+-82.2241796379228","37.0681293494128+-81.9322825918212",51507,2825
"36.559500985613+-79.4539334802362","37.0681293494128+-81.9322825918212",325589,13358
"38.8788755229646+-77.1619401276395","37.0681293494128+-81.9322825918212",609399,21454
"36.6644665327842+-76.9267360047588","37.0681293494128+-81.9322825918212",623669,22604
"36.6897028641319+-76.9428867601853","37.0681293494128+-81.9322825918212",622167,22549
"36.6093345733588+-79.3754422816033","37.0681293494128+-81.9322825918212",329157,13828
"36.6642880717261+-81.1061229732227","37.0681293494128+-81.9322825918212",151898,8032
"38.851109697011+-77.0830097849863","37.0681293494128+-81.9322825918212",616645,22076
"36.7321953088329+-81.0335343567183","37.0681293494128+-81.9322825918212",154151,8205
"38.3527224517458+-77.4288689315434","37.0681293494128+-81.9322825918212",539350,20991
"38.4244359576001+-77.3818164755043","37.0681293494128+-81.9322825918212",547747,21060
"38.4679881411372+-77.4882595859202","37.0681293494128+-81.9322825918212",549973,21263
"38.4832659958349+-77.3756541468561","37.0681293494128+-81.9322825918212",552986,21224
"38.3787990932798+-77.364863226165","37.0681293494128+-81.9322825918212",552072,21264
"39.1524561413768+-78.1805871641101","37.0681293494128+-81.9322825918212",517848,18628
"36.8423372463283+-80.695955092218","37.0681293494128+-81.9322825918212",181382,7922
"36.7599006965782+-80.7968543389428","37.0681293494128+-81.9322825918212",171648,7017
"38.9038491847595+-77.1421517628271","37.0681293494128+-81.9322825918212",610671,21510
"38.8462893261525+-77.3206866487849","37.0681293494128+-81.9322825918212",594151,21018
"38.8867541403099+-77.1323094806257","37.0681293494128+-81.9322825918212",610603,21560
"38.8881893758638+-77.1411808822348","37.0681293494128+-81.9322825918212",609489,21460
"38.9017184898175+-77.1137299121218","37.0681293494128+-81.9322825918212",615908,21645
"38.8597996372088+-77.0833764471543","37.0681293494128+-81.9322825918212",616484,22061
"38.0482158334144+-78.4981972570115","37.0681293494128+-81.9322825918212",429659,15784
"38.0194233449903+-78.4745790112214","37.0681293494128+-81.9322825918212",426900,15379
"37.6334025293639+-79.4591775517156","37.0681293494128+-81.9322825918212",310353,11933
"37.2686836845354+-77.3828597186589","37.0681293494128+-81.9322825918212",572866,20338
"37.2731456788501+-77.4012222237174","37.0681293494128+-81.9322825918212",573525,20379
"37.5716013457328+-77.4954960162758","37.0681293494128+-81.9322825918212",532048,18962
"37.562378565285+-77.4976933843067","37.0681293494128+-81.9322825918212",534956,19006
"37.5419176329837+-77.4829386233632","37.0681293494128+-81.9322825918212",536258,18952
"37.5564546640372+-77.4854670549733","37.0681293494128+-81.9322825918212",534215,18950
"37.5533252275734+-77.4679747645496","37.0681293494128+-81.9322825918212",535611,19133
"37.5621636229995+-77.4442902499297","37.0681293494128+-81.9322825918212",537423,19044
"37.5457118185921+-77.4360255466797","37.0681293494128+-81.9322825918212",537679,19012
"37.5467274984403+-77.4519347158098","37.0681293494128+-81.9322825918212",537034,19146
"36.8960335492849+-80.8725944402765","37.0681293494128+-81.9322825918212",157268,6942
"36.8715021919566+-81.0457921349793","37.0681293494128+-81.9322825918212",139676,7265
"38.1470010560698+-76.9748218600934","37.0681293494128+-81.9322825918212",628270,22426
"36.7753762834301+-81.4113015240085","37.0681293494128+-81.9322825918212",102680,5459
"36.8032828970704+-81.6498350223911","37.0681293494128+-81.9322825918212",69046,4308
"36.7012444357043+-79.8594762862038","37.0681293494128+-81.9322825918212",281323,11957
"36.6753104961068+-79.8756094324324","37.0681293494128+-81.9322825918212",276872,11525
"37.2080329000441+-77.4278989564874","37.0681293494128+-81.9322825918212",512106,19903
"37.1961498938149+-77.4144144156693","37.0681293494128+-81.9322825918212",513085,19943
"37.5639624321517+-77.4177055911901","37.0681293494128+-81.9322825918212",540315,19110
"37.5420333734758+-77.4080913115931","37.0681293494128+-81.9322825918212",543318,19271
"37.5120630003949+-77.4400629935153","37.0681293494128+-81.9322825918212",542699,19304
"37.4772665176092+-77.4315385788428","37.0681293494128+-81.9322825918212",548915,19492
"37.5474177405195+-77.4032868676722","37.0681293494128+-81.9322825918212",540724,19197
"37.5440314675693+-77.5228864011143","37.0681293494128+-81.9322825918212",540192,19188
"37.546524428378+-77.5747684259488","37.0681293494128+-81.9322825918212",532312,19167
"37.5731342664348+-77.5101603939469","37.0681293494128+-81.9322825918212",531506,19069
"37.5133910882504+-77.5008261449997","37.0681293494128+-81.9322825918212",540433,19226
"36.6569343164546+-81.8239605670732","37.0681293494128+-81.9322825918212",82839,4189
"38.3035987657655+-77.5045974594438","37.0681293494128+-81.9322825918212",528030,20249
"38.1380113670665+-79.0546080823919","37.0681293494128+-81.9322825918212",373475,14024
"36.6123840127221+-82.5869760675538","37.0681293494128+-81.9322825918212",98851,4836
"36.9754736477255+-77.0030729886703","37.0681293494128+-81.9322825918212",562587,22040
"37.2741106846332+-77.3073946582922","37.0681293494128+-81.9322825918212",587167,20543
"38.4428973901493+-78.8616896958559","37.0681293494128+-81.9322825918212",413377,15085
"38.4598878162219+-78.8745720913558","37.0681293494128+-81.9322825918212",413780,15195
"36.6666002965547+-82.0096174120594","37.0681293494128+-81.9322825918212",71428,3474
"36.8221099575104+-81.7892199457495","37.0681293494128+-81.9322825918212",59856,3879
"38.3664799612979+-78.9616455751445","37.0681293494128+-81.9322825918212",402800,14875
"38.522583035755+-78.8586695743915","37.0681293494128+-81.9322825918212",421230,15578
"38.6930656710105+-78.9661741665197","37.0681293494128+-81.9322825918212",456254,17192
"37.7215040818303+-80.1725451044684","37.0681293494128+-81.9322825918212",216929,10290
"37.3466652766967+-80.8290324738598","37.0681293494128+-81.9322825918212",130932,6129
"38.5877485697165+-78.8712105471426","37.0681293494128+-81.9322825918212",431030,16094
"38.4410689603758+-78.9299324474911","37.0681293494128+-81.9322825918212",412837,15307
"38.757240465496+-78.6731305606294","37.0681293494128+-81.9322825918212",454979,16400
"39.1345762428129+-78.1645402001241","37.0681293494128+-81.9322825918212",519812,18732
"39.2692654684168+-78.1624615955984","37.0681293494128+-81.9322825918212",531658,18978
"39.2047999657509+-78.138835329883","37.0681293494128+-81.9322825918212",527587,18821
"39.2518951747037+-78.0874870695122","37.0681293494128+-81.9322825918212",533243,19022
"38.8261649066739+-78.6064625301017","37.0681293494128+-81.9322825918212",463555,16688
"38.9347646163393+-78.4587229978225","37.0681293494128+-81.9322825918212",480020,17452
"37.251108547284+-81.3184125506423","37.0681293494128+-81.9322825918212",79142,4014
"37.0278103120311+-81.6551604110636","37.0681293494128+-81.9322825918212",40153,2831
"37.1377737672646+-81.8261899157121","37.0681293494128+-81.9322825918212",18882,1512
"37.1112331821016+-81.2428736872615","37.0681293494128+-81.9322825918212",100202,6212
"37.1557092042332+-81.0223185937225","37.0681293494128+-81.9322825918212",115937,5412
"37.227107712851+-79.8892788387365","37.0681293494128+-81.9322825918212",263771,10441
"38.2749421023455+-78.9591823739828","37.0681293494128+-81.9322825918212",391800,14567
"38.113998035718+-78.8461128918195","37.0681293494128+-81.9322825918212",395325,14691
"38.4769260187056+-79.0980370714055","37.0681293494128+-81.9322825918212",422915,16051
"37.2439741604923+-81.8398233279499","37.0681293494128+-81.9322825918212",41022,3014
"37.2594265691742+-82.1898366472807","37.0681293494128+-81.9322825918212",58838,3889
"37.2752211730124+-82.0079960468744","37.0681293494128+-81.9322825918212",41246,2614
"38.820036575522+-77.1167551345582","37.0681293494128+-81.9322825918212",622061,22095
"38.826042806423+-77.075409540916","37.0681293494128+-81.9322825918212",625813,22219
"38.834115208075+-77.0560231718075","37.0681293494128+-81.9322825918212",624893,22223
"38.8050894454499+-77.0511343022555","37.0681293494128+-81.9322825918212",626811,22118
"38.8004148167633+-77.0439196911298","37.0681293494128+-81.9322825918212",626951,22148
"39.1934689432984+-78.2504437881708","37.0681293494128+-81.9322825918212",526457,18798
"38.2591712930805+-77.4697145288815","37.0681293494128+-81.9322825918212",535164,20302
"38.1488088906891+-77.5669690954298","37.0681293494128+-81.9322825918212",522334,19492
"36.603706414431+-82.2091568837093","37.0681293494128+-81.9322825918212",91149,4080
"37.525121557887+-79.1834879516549","37.0681293494128+-81.9322825918212",346580,13665
"37.325954562464+-79.1601726809201","37.0681293494128+-81.9322825918212",335151,13326
"37.2349336284795+-79.1854585677211","37.0681293494128+-81.9322825918212",337191,13514
"37.1550879235863+-79.2936552115514","37.0681293494128+-81.9322825918212",321966,13301
"37.2623488033815+-80.3817166147864","37.0681293494128+-81.9322825918212",174641,7606
"38.5433374936991+-78.0143712511268","37.0681293494128+-81.9322825918212",500829,19046
"38.4113987882991+-77.9631524985623","37.0681293494128+-81.9322825918212",500073,18899
"38.7560141002267+-77.7838223452668","37.0681293494128+-81.9322825918212",559494,19859
"38.2946258712697+-77.8268251034127","37.0681293494128+-81.9322825918212",499291,18963
"37.3997378051135+-79.1739783429221","37.0681293494128+-81.9322825918212",338593,13488
"37.3682942079866+-79.1625481697984","37.0681293494128+-81.9322825918212",334960,13257
"37.3597364221763+-79.2319765328008","37.0681293494128+-81.9322825918212",327433,13233
"37.4139661280532+-79.1528064900461","37.0681293494128+-81.9322825918212",340068,13578
"37.3033536189644+-80.0384621588909","37.0681293494128+-81.9322825918212",244207,9567
"37.281490489475+-80.0479455147482","37.0681293494128+-81.9322825918212",243563,9595
"37.265308316399+-80.0465679843626","37.0681293494128+-81.9322825918212",246439,9796
"37.1039127010029+-76.5480640373944","37.0681293494128+-81.9322825918212",647647,22728
"37.129019197907+-76.5640906579819","37.0681293494128+-81.9322825918212",642394,22585
"37.0384209355049+-76.4551155374141","37.0681293494128+-81.9322825918212",654314,22873
"37.1278337888399+-80.3457145898441","37.0681293494128+-81.9322825918212",206189,8137
"37.1514254706659+-80.2471491806934","37.0681293494128+-81.9322825918212",219561,8858
"37.095511039519+-76.5084876869781","37.0681293494128+-81.9322825918212",646518,22600
"37.1393971373919+-76.5377794309501","37.0681293494128+-81.9322825918212",641241,22427
"36.898232387195+-76.2497774996513","37.0681293494128+-81.9322825918212",702860,24722
"37.3858940136616+-79.5760473981845","37.0681293494128+-81.9322825918212",292918,11934
"37.2223279034153+-79.7244578582523","37.0681293494128+-81.9322825918212",280803,11470
"36.8965494066326+-76.2340362532925","37.0681293494128+-81.9322825918212",710572,24646
"36.8468769692967+-76.2349459264886","37.0681293494128+-81.9322825918212",700736,24484
"36.9232598110647+-76.220957662995","37.0681293494128+-81.9322825918212",715521,25148
"36.9095200121231+-76.2259594774908","37.0681293494128+-81.9322825918212",713841,24940
"36.8385738747155+-76.1995419229389","37.0681293494128+-81.9322825918212",704583,24558
"36.9511478745093+-76.2530805752944","37.0681293494128+-81.9322825918212",703058,25107
"36.9385261087478+-76.2687709270347","37.0681293494128+-81.9322825918212",701242,24996
"36.9178028900448+-76.2803516932858","37.0681293494128+-81.9322825918212",699383,24795
"36.9130495275566+-76.283471247424","37.0681293494128+-81.9322825918212",699236,24816
"36.944067821562+-76.2375541110213","37.0681293494128+-81.9322825918212",704636,25236
"36.8958906655897+-76.2987594890926","37.0681293494128+-81.9322825918212",694782,24476
"36.8775666093271+-76.2684218577393","37.0681293494128+-81.9322825918212",695936,24531
"36.8666713727555+-76.2534294944107","37.0681293494128+-81.9322825918212",700911,24528
"37.4054482662131+-79.71139134013","37.0681293494128+-81.9322825918212",279418,11175
"37.2504113515136+-79.8077973525778","37.0681293494128+-81.9322825918212",269011,10715
"36.8615778481428+-76.2765495744665","37.0681293494128+-81.9322825918212",697903,24384
"36.855271237001+-76.265092425529","37.0681293494128+-81.9322825918212",697968,24356
"36.833126939973+-76.2834318831389","37.0681293494128+-81.9322825918212",695110,24138
"37.2057617809147+-76.6084543912703","37.0681293494128+-81.9322825918212",628667,21978
"36.8296736113344+-76.1161602906757","37.0681293494128+-81.9322825918212",712026,24842
"36.8347019406698+-76.1727539939654","37.0681293494128+-81.9322825918212",707562,24734
"36.8037152395097+-76.1654040937913","37.0681293494128+-81.9322825918212",714871,24934
"36.7908473137149+-76.1955899522469","37.0681293494128+-81.9322825918212",714029,24833
"36.7915762190266+-76.1581005365869","37.0681293494128+-81.9322825918212",715600,24989
"36.6215453045351+-76.0020913252061","37.0681293494128+-81.9322825918212",741281,26191
"36.8668682264946+-76.0556547324681","37.0681293494128+-81.9322825918212",721095,25247
"36.749429070633+-75.9928066988762","37.0681293494128+-81.9322825918212",732498,25992
"36.8347378361893+-76.1873174952534","37.0681293494128+-81.9322825918212",707062,24750
"36.8086083352688+-76.2130524844773","37.0681293494128+-81.9322825918212",706951,24753
"36.7923992456352+-76.1384974127322","37.0681293494128+-81.9322825918212",717808,25186
"36.7719677116297+-76.194692144364","37.0681293494128+-81.9322825918212",712295,24938
"38.8261503617671+-78.2591236621618","37.0681293494128+-81.9322825918212",494529,18595
"38.9370490295711+-78.1565469063534","37.0681293494128+-81.9322825918212",518155,18755
"38.2834408255261+-78.5284327842014","37.0681293494128+-81.9322825918212",457095,17348
"38.6261202265582+-78.4186608599104","37.0681293494128+-81.9322825918212",469905,17575
"38.5208395861482+-78.5756673595554","37.0681293494128+-81.9322825918212",441453,16773
"38.991085973324+-78.182650659438","37.0681293494128+-81.9322825918212",512245,18429
"36.8391351684312+-76.3533957438506","37.0681293494128+-81.9322825918212",687846,23956
"36.8434848396431+-76.3101671207337","37.0681293494128+-81.9322825918212",691902,24101
"36.829595031972+-76.3348678253256","37.0681293494128+-81.9322825918212",691453,24062
"36.8252764942229+-76.3553763031243","37.0681293494128+-81.9322825918212",689497,24154
"36.8031067578301+-76.3140556918122","37.0681293494128+-81.9322825918212",696348,24401
"36.7997268664235+-76.3402881265336","37.0681293494128+-81.9322825918212",696013,24267
"36.8091528474564+-76.3454878847369","37.0681293494128+-81.9322825918212",695111,24199
"36.8146391797861+-76.2321778167636","37.0681293494128+-81.9322825918212",701072,24629
"36.8113339382907+-76.2637791276267","37.0681293494128+-81.9322825918212",699439,24482
"36.7730170829463+-76.2650315476284","37.0681293494128+-81.9322825918212",703736,24545
"36.7065952341128+-76.2574757152694","37.0681293494128+-81.9322825918212",707258,24870
"36.7130952428851+-76.208254328157","37.0681293494128+-81.9322825918212",713744,24837
"36.6658672152305+-76.4219854812476","37.0681293494128+-81.9322825918212",710423,24825
"36.7220429137467+-76.2708248295104","37.0681293494128+-81.9322825918212",705784,24769
"36.6975193794462+-76.2200792916961","37.0681293494128+-81.9322825918212",713974,24880
"36.9351053644668+-82.8016789570406","37.0681293494128+-81.9322825918212",121939,6201
"36.8687443269431+-82.7024672408722","37.0681293494128+-81.9322825918212",111953,5436
"36.9880158090043+-82.6829184320429","37.0681293494128+-81.9322825918212",110788,5549
"36.9500062279719+-82.4980766731791","37.0681293494128+-81.9322825918212",88674,4527
"36.9578183312165+-82.558861821603","37.0681293494128+-81.9322825918212",92727,4539
"36.9335088597547+-82.355151747136","37.0681293494128+-81.9322825918212",70988,3678
"37.2793161550244+-76.6591511704432","37.0681293494128+-81.9322825918212",620705,21673
"37.1701449299695+-76.4931613267323","37.0681293494128+-81.9322825918212",643894,22578
"37.2059093813205+-76.4514968638462","37.0681293494128+-81.9322825918212",644411,22541
"39.0474425108584+-77.797473518354","37.0681293494128+-81.9322825918212",561932,20537
"39.2012917630255+-77.5557327387258","37.0681293494128+-81.9322825918212",582409,21372
"39.1343480879225+-77.5714754772333","37.0681293494128+-81.9322825918212",577949,20973
"37.2800454945758+-76.7276223220977","37.0681293494128+-81.9322825918212",619123,21698
"37.006500333845+-76.3636529196611","37.0681293494128+-81.9322825918212",661601,23016
"37.0768220328482+-76.3212838316685","37.0681293494128+-81.9322825918212",664418,23351
"37.050811462643+-76.4132885715362","37.0681293494128+-81.9322825918212",656552,22917
"37.008796926055+-76.3853263336284","37.0681293494128+-81.9322825918212",659760,22911
"37.0812050061014+-76.2916558928192","37.0681293494128+-81.9322825918212",667033,23474
"37.5514911111905+-77.1525820629034","37.0681293494128+-81.9322825918212",567310,20022
"36.8607792154817+-76.1554662523528","37.0681293494128+-81.9322825918212",709443,24825
"36.8897857645048+-76.1498837791969","37.0681293494128+-81.9322825918212",711906,24986
"36.8802367078228+-76.0895780847374","37.0681293494128+-81.9322825918212",718376,25233
"36.8330630196483+-76.076173518477","37.0681293494128+-81.9322825918212",716912,24961
"36.8911564363767+-76.0594221062677","37.0681293494128+-81.9322825918212",723923,25416
"36.8116336385766+-76.0889776688402","37.0681293494128+-81.9322825918212",714941,25134
"36.815069203361+-76.0626112541323","37.0681293494128+-81.9322825918212",718396,25089
"36.7851422078181+-76.0192593980503","37.0681293494128+-81.9322825918212",727682,25524
"37.5576157347587+-77.7619424857242","37.0681293494128+-81.9322825918212",537510,19177
"37.5503617019949+-78.0366092055632","37.0681293494128+-81.9322825918212",453205,17981
"37.4751432721621+-77.8263070608517","37.0681293494128+-81.9322825918212",474546,18488
"37.2949667969926+-79.9356322903209","37.0681293494128+-81.9322825918212",255639,9892
"37.2740252308973+-79.9694849232493","37.0681293494128+-81.9322825918212",251489,10079
"37.2526500430398+-79.990887916531","37.0681293494128+-81.9322825918212",253453,10212
"37.2617760780257+-79.9678106888358","37.0681293494128+-81.9322825918212",260414,10183
"37.3154742682975+-79.9657981092153","37.0681293494128+-81.9322825918212",250769,9663
"37.36913219662+-79.8444569330169","37.0681293494128+-81.9322825918212",265404,10460
"37.6555612214283+-79.8297118922512","37.0681293494128+-81.9322825918212",291759,11493
"37.7935293007202+-79.982500581181","37.0681293494128+-81.9322825918212",237369,10942
"37.7665683946935+-79.9901704555321","37.0681293494128+-81.9322825918212",237142,10593
"38.0764665219408+-78.9093748495798","37.0681293494128+-81.9322825918212",385827,14238
"37.5044798986843+-79.8548581549957","37.0681293494128+-81.9322825918212",271696,10677
"38.0579245428641+-78.8917655543486","37.0681293494128+-81.9322825918212",390052,14381
"39.096547666446+-77.5949743293388","37.0681293494128+-81.9322825918212",580341,20948
"38.7972367363319+-77.4990669363533","37.0681293494128+-81.9322825918212",575956,20462
"38.7903120302167+-77.4686274306943","37.0681293494128+-81.9322825918212",580333,20808
"37.0350200964994+-79.8013688711792","37.0681293494128+-81.9322825918212",300845,12075
"38.7875225286198+-77.4471128200027","37.0681293494128+-81.9322825918212",590923,20954
"38.6617547810287+-77.4688533698986","37.0681293494128+-81.9322825918212",589605,21074
"38.653228897281+-77.3347610756567","37.0681293494128+-81.9322825918212",599813,21817
"37.2921782351458+-76.7412745267273","37.0681293494128+-81.9322825918212",617293,21582
"37.6637932084943+-77.4975449135047","37.0681293494128+-81.9322825918212",529893,18695
"37.5224759155527+-77.3066373370322","37.0681293494128+-81.9322825918212",551368,19593
"37.2366587711354+-77.2896690474514","37.0681293494128+-81.9322825918212",593087,20846
"37.3838132911256+-77.1088565710381","37.0681293494128+-81.9322825918212",583888,20808
"38.4546677668381+-78.8568221156592","37.0681293494128+-81.9322825918212",414476,15211
"38.4082389241433+-78.8944685053149","37.0681293494128+-81.9322825918212",408358,14952
"37.1098238026823+-76.4892418452755","37.0681293494128+-81.9322825918212",643884,22415
"37.3847013719272+-77.1917512542389","37.0681293494128+-81.9322825918212",577233,20617
"36.7719378667897+-81.8595126738101","37.0681293494128+-81.9322825918212",52731,3492
"37.0916505044228+-76.4745958311971","37.0681293494128+-81.9322825918212",647360,22482
"36.7934569022838+-76.2904056111561","37.0681293494128+-81.9322825918212",702607,24559
"36.900418860724+-76.5015525257417","37.0681293494128+-81.9322825918212",675679,23975
"36.9380519272569+-76.3017910713443","37.0681293494128+-81.9322825918212",703281,25300
"36.6915969922763+-76.558210969531","37.0681293494128+-81.9322825918212",666786,24364
"36.7512386638202+-76.5957567402645","37.0681293494128+-81.9322825918212",657638,24028
"36.897113430874+-76.261482819971","37.0681293494128+-81.9322825918212",702236,24720
"36.8532622281155+-76.5667847126951","37.0681293494128+-81.9322825918212",609678,24254
"36.7801850633473+-76.5710253090297","37.0681293494128+-81.9322825918212",607829,24138
"36.6891914110172+-76.6668039474578","37.0681293494128+-81.9322825918212",652102,23633
"36.6847070219255+-76.8050854588158","37.0681293494128+-81.9322825918212",638096,23037
"36.8947326891611+-76.2001024390997","37.0681293494128+-81.9322825918212",713510,25166
"36.7148427383461+-76.6539119949015","37.0681293494128+-81.9322825918212",651247,23682
"36.6208685449575+-76.5588709864424","37.0681293494128+-81.9322825918212",663353,24257
"37.4053550625519+-76.4778518942669","37.0681293494128+-81.9322825918212",637858,22843
"37.2797283165954+-76.4277063564825","37.0681293494128+-81.9322825918212",647873,22833
"37.0775214203854+-76.4174518141659","37.0681293494128+-81.9322825918212",652386,22791
"37.042770229883+-76.3312120171566","37.0681293494128+-81.9322825918212",660831,23064
"37.2931410040095+-77.270807982108","37.0681293494128+-81.9322825918212",574495,20784
"36.7979648468948+-76.2484250045769","37.0681293494128+-81.9322825918212",708029,24661
"38.0694750925824+-78.8900344184592","37.0681293494128+-81.9322825918212",390327,14317
"36.77316118608+-75.9802748736331","37.0681293494128+-81.9322825918212",729489,25708
"36.8269138105696+-76.1014564548875","37.0681293494128+-81.9322825918212",714792,24982
"37.6785923666011+-77.2589878305942","37.0681293494128+-81.9322825918212",551355,19758
"37.7242981846049+-77.3397327760914","37.0681293494128+-81.9322825918212",548403,19691
"37.888845930659+-75.6393727751953","37.0681293494128+-81.9322825918212",841207,30473
"37.9575160745622+-75.3175780540095","37.0681293494128+-81.9322825918212",NA,NA
"38.3576775332456+-77.4762194600815","37.0681293494128+-81.9322825918212",539105,20881
"38.3071338042065+-77.439091430003","37.0681293494128+-81.9322825918212",536905,20880
"37.4754877496895+-76.5034811646157","37.0681293494128+-81.9322825918212",636055,22723
"37.1032604722831+-80.6518463828888","37.0681293494128+-81.9322825918212",154711,7302
"36.7244827019833+-82.0178872553926","37.0681293494128+-81.9322825918212",61461,2790
"36.7241556628144+-81.8837793519109","37.0681293494128+-81.9322825918212",59902,4103
"37.4119575568849+-77.7006349448252","37.0681293494128+-81.9322825918212",481775,18794
"37.4125081643207+-77.5210192508475","37.0681293494128+-81.9322825918212",500547,19702
"37.3852845472706+-77.6982309083337","37.0681293494128+-81.9322825918212",482196,18804
"38.8044407967413+-77.0822969568617","37.0681293494128+-81.9322825918212",623699,22037
"38.9237084254176+-77.4409230048314","37.0681293494128+-81.9322825918212",593762,21129
"37.9388993059346+-78.2748149858175","37.0681293494128+-81.9322825918212",451103,16419
"37.1685015167891+-79.6477063442201","37.0681293494128+-81.9322825918212",288893,11907
"38.8909955837909+-77.2053166518694","37.0681293494128+-81.9322825918212",606070,21304
"38.9425564402717+-77.3456877421066","37.0681293494128+-81.9322825918212",600257,21450
"37.0487609601597+-77.8726455471167","37.0681293494128+-81.9322825918212",479663,18821
"38.7570412662157+-77.0779827250675","37.0681293494128+-81.9322825918212",629454,22525
"38.1472552552372+-77.8501575795156","37.0681293494128+-81.9322825918212",500195,18509
"38.2359489398931+-77.4870391700277","37.0681293494128+-81.9322825918212",536099,20294
"38.0907597019402+-77.6186022788146","37.0681293494128+-81.9322825918212",523374,19501
"38.8502628623459+-77.1389676874997","37.0681293494128+-81.9322825918212",613293,21915
"38.8169286423796+-77.2856652410993","37.0681293494128+-81.9322825918212",599962,21385
"38.7567773179458+-77.1563153830201","37.0681293494128+-81.9322825918212",616782,22100
"38.7709056946212+-77.1573149798801","37.0681293494128+-81.9322825918212",619539,21982
"38.6920918415516+-77.2400931965605","37.0681293494128+-81.9322825918212",612609,21918
"38.8585325426061+-77.479401834815","37.0681293494128+-81.9322825918212",581048,20785
"38.8918610607831+-77.316213889466","37.0681293494128+-81.9322825918212",597556,21108
"38.9360998381546+-77.3982416001293","37.0681293494128+-81.9322825918212",597140,21050
"38.9636246355466+-77.4109776083967","37.0681293494128+-81.9322825918212",601865,21207
"38.835496911342+-77.4383519164309","37.0681293494128+-81.9322825918212",582711,20573
"38.6461424957857+-77.8290465896777","37.0681293494128+-81.9322825918212",528696,19926
